file,sha256,size_bytes
CONCLUSION.md,76b04250474753ef11d4250ebc5f22bd714fd936c5b498672e9227ee0faae07c,927
application.conf.txt,8ef0ba0f4a1cce9fe69a12cf14cde5ea79812ece8eba53497cf780c326ae112a,62
docker-compose.yml,be7fbbf597934da05c8812a464d085120d1aa3241ed22d17539492140650c657,1373
docker_inspect_thehive.json,fc19b46a4388047bc8b49caa8f41e580fe29b147aba5c79589083b4b03773956,10229
docker_volumes.txt,88bf52b0aab71ab849c907f3d0d62e72400927b143376fa73258ebe42a8773d4,1498
image_digest.txt,ee3060f307278a95f9dc0919b3de3ce3d691992ce8c704a0c1bdb1456c160d65,165
license_current.json,f2422db050ae60f2a148d14ee32326a51a46a465c1975e7bf6de8be7c50700b0,330
phase1_docker_state.txt,0758321cbe5a4507ecf6ef06afbe3926eb0512ce3308880d00c298e0e7d29ae4,1075
phase2_time_check.txt,71670f0c4ff014b2ba41f4f0da9c04d7da526ff54bbf8cdcbcd4146bcb14c11c,606
phase3_license_endpoints.txt,ea9ddec8856c94e499b28dd1a5c7e6b4aa482c93e0f3d1c0272d118ddd0cb6d9,4256
status.json,bb0361fb8ed66d1d28379c7fbf9bb4e5e624992d734643fd2dc34bcebe287a59,1571
status_verbose.json,6f53a98e1e42bf026fbd0e0f454fbd69dca0d04a27d8866e3cfe0ba5d2548ea6,2045
thehive_logs_relevant.txt,40a7db6bf30f15c584114f91155a275b308b00ab45c48af1a92ec3fc3580f2e1,315306
