relative_path,sha256,size_bytes
RUN_MANIFEST.md,d8563bfd6798c9be1181d3d87f594b1f88efbcbfc0f79cd2ad472915987351e7,8352
cortex\.gitkeep,e3b0c44298fc1c149afbf4c8996fb92427ae41e4649b934ca495991b7852b855,0
dashboard\.gitkeep,e3b0c44298fc1c149afbf4c8996fb92427ae41e4649b934ca495991b7852b855,0
gemma\.gitkeep,e3b0c44298fc1c149afbf4c8996fb92427ae41e4649b934ca495991b7852b855,0
gemma\_summary.json,aac1771f2bd1a17a545f53efa1e8e16b8bdc0d2ae5e9959271690390ba190baa,2523
gemma\scenario1_ssh_bruteforce_gemma_metadata.json,f6c0ca40697beb439cd4968906258f0781e6937930e75d4dfcb0c691759c52cd,393
gemma\scenario1_ssh_bruteforce_gemma_request.json,efee1d1920d9090fca63914fe5fbaa330d7478132b9bd71c67246faac7a5dfea,3715
gemma\scenario1_ssh_bruteforce_gemma_validated_result.json,e197c6a75a78f73d6553d4bea7c4bea31b8bca6cb59f6ddb5294198411022722,357
gemma\scenario2_suspicious_download_gemma_metadata.json,10aa33ee2a66bbc3d19a031a61ada026715963d19c40d671e3e9d2cc5ae36282,398
gemma\scenario2_suspicious_download_gemma_request.json,85e873451ec58551ecf4f23a90017e5f5423946972a7b592cbd03c8719769514,4625
gemma\scenario2_suspicious_download_gemma_validated_result.json,d049b354af28efd7c4cb43bae6af06ff0814902bc86ec2d6303adc151602d906,409
gemma\scenario3_powershell_encoded_gemma_metadata.json,f8733149f806610902acf152f4b16ce55daa79c211d20b7091754e85ca21b33c,397
gemma\scenario3_powershell_encoded_gemma_request.json,9b8a7c8dc5681e6e30aa9adf1694e174b5eb186525cd5bc0ff4bf43a0b3c6ea8,4623
gemma\scenario3_powershell_encoded_gemma_validated_result.json,3b45718c44b79e3eaf36eecd48de74f2528d2f64f9c761dae3dbaf456bbf968a,350
gemma\scenario4_lateral_movement_gemma_metadata.json,37aa096411a0950778c6cf8f9b586e0a1d109f4c46bc2f9af6ed9b590c522198,395
gemma\scenario4_lateral_movement_gemma_request.json,1b5c805cb544c18d7fb4158a26005bba55256db6c19400d148ef36c212605104,3816
gemma\scenario4_lateral_movement_gemma_validated_result.json,f350a19248974a77d823a311e87ec116d37f91fddab0788f7a0d9a605a0e6c1f,418
gemma\scenario5_c2_beaconing_gemma_metadata.json,a0a040ec5db97ffaab12410ea78c4bef048dac3fd2455c767b30103488dd08dc,390
gemma\scenario5_c2_beaconing_gemma_request.json,7cd7a22a3c621b8be488fff7a51d637f473f76e82d34f23fe3f8e84ed1bf1f03,4687
gemma\scenario5_c2_beaconing_gemma_validated_result.json,3ac23193c6b9686c262544aa4e77e07806945d21f49be455b603cabd4c71638e,414
gemma\scenario6_network_recon_gemma_metadata.json,b91dd25f942e69750348dda29c92a2aeb9b88e287b34e9338aad338ce4cd36de,392
gemma\scenario6_network_recon_gemma_request.json,7ff8667ad703a92fdecbc1d41c9dd263ef2a16884e195ced7ee3d3fd924c53e1,4585
gemma\scenario6_network_recon_gemma_validated_result.json,6c38e64c18ad12358e5d1e54f0eca7f79fa42a11d2a76cfdff4b3e4337886f4e,437
logs\.gitkeep,e3b0c44298fc1c149afbf4c8996fb92427ae41e4649b934ca495991b7852b855,0
misp\.gitkeep,e3b0c44298fc1c149afbf4c8996fb92427ae41e4649b934ca495991b7852b855,0
raw\.gitkeep,e3b0c44298fc1c149afbf4c8996fb92427ae41e4649b934ca495991b7852b855,0
raw\full_corpus_window.json,ed32a7f63c1bc12afc36b5800fc99fd1b0a0c90876baa2150b261344ba81e906,474047
raw\full_corpus_window_no80792.json,3fe21d839fbc24d368cd08dc8d60d1a4cdac0a92887144ff8086e22fc8d1b5e3,108357
raw\scenario1_ssh_bruteforce_alert_A9RHd58BPpYiiyppOegr.json,107f977b0aa072e4a4da6405e429c59aa591440e06930d162e56fca3e4a38dec,1425
raw\scenario2_suspicious_download_alert_ZdREd58BPpYiiyppXObu.json,59e00ea1bf483f670a9577a7feabafbee24cc663af7239308a30f71a26c99ebc,2985
raw\scenario3_powershell_encoded_alert_sdREd58BPpYiiyppgOYf.json,245e47739023a6e4e4df2fb36eeecd3d76634206d221cd281ddaedfde10234a4,3689
raw\scenario4_lateral_movement_alert_fNRGd58BPpYiiyppy-eZ.json,0f7e81ac8e659d98cb5f6516d35d83c96f9e6c06d0f390ba8e5a7661339d9002,1217
raw\scenario5_100103_positive_negative_test.json,aac144fb97b23f4f1768430260954f111fcdfa097b09c16a0ab4a06302cf80d3,21743
raw\scenario5_c2_beaconing_alert_VNRCd58BPpYiiypp8OU5.json,ca6dc65b28d9b9d13e046250557cac63b93b2242b723cdfa8e7087d367724a40,5849
raw\scenario6_network_recon_alert_gNRGd58BPpYiiyppy-eZ.json,e51ccd22f5d99bc4536458527fe00cd5772becc6b5078528287237c114582532,2844
scenario_alerts_index.csv,9b5b50e27b55e778a31272f95f60e3b9c1a9ebb28709393cd1135dd16473cf86,1609
shuffle\.gitkeep,e3b0c44298fc1c149afbf4c8996fb92427ae41e4649b934ca495991b7852b855,0
thehive\.gitkeep,e3b0c44298fc1c149afbf4c8996fb92427ae41e4649b934ca495991b7852b855,0
thehive\diagnostic\CONCLUSION.md,76b04250474753ef11d4250ebc5f22bd714fd936c5b498672e9227ee0faae07c,927
thehive\diagnostic\SHA256SUMS.csv,5f2333ee475980afdd7f0ac55e80e48e2bb35a42cbc7e26c2b6baf745f976307,1216
thehive\diagnostic\application.conf.txt,8ef0ba0f4a1cce9fe69a12cf14cde5ea79812ece8eba53497cf780c326ae112a,62
thehive\diagnostic\docker-compose.yml,be7fbbf597934da05c8812a464d085120d1aa3241ed22d17539492140650c657,1373
thehive\diagnostic\docker_inspect_thehive.json,fc19b46a4388047bc8b49caa8f41e580fe29b147aba5c79589083b4b03773956,10229
thehive\diagnostic\docker_volumes.txt,88bf52b0aab71ab849c907f3d0d62e72400927b143376fa73258ebe42a8773d4,1498
thehive\diagnostic\image_digest.txt,ee3060f307278a95f9dc0919b3de3ce3d691992ce8c704a0c1bdb1456c160d65,165
thehive\diagnostic\license_current.json,f2422db050ae60f2a148d14ee32326a51a46a465c1975e7bf6de8be7c50700b0,330
thehive\diagnostic\phase1_docker_state.txt,0758321cbe5a4507ecf6ef06afbe3926eb0512ce3308880d00c298e0e7d29ae4,1075
thehive\diagnostic\phase2_time_check.txt,71670f0c4ff014b2ba41f4f0da9c04d7da526ff54bbf8cdcbcd4146bcb14c11c,606
thehive\diagnostic\phase3_license_endpoints.txt,ea9ddec8856c94e499b28dd1a5c7e6b4aa482c93e0f3d1c0272d118ddd0cb6d9,4256
thehive\diagnostic\status.json,bb0361fb8ed66d1d28379c7fbf9bb4e5e624992d734643fd2dc34bcebe287a59,1571
thehive\diagnostic\status_verbose.json,6f53a98e1e42bf026fbd0e0f454fbd69dca0d04a27d8866e3cfe0ba5d2548ea6,2045
thehive\diagnostic\thehive_logs_relevant.txt,40a7db6bf30f15c584114f91155a275b308b00ab45c48af1a92ec3fc3580f2e1,315306
thehive\license-investigation\.gitignore,7f1449aa6b5c22585727e0d7ef4b16a112119fb0b8f472d7ab4d3a974369dc6d,9
thehive\license-investigation\SCREENSHOT_MANIFEST.csv,205a8e610f73296a3939632af4b083e98b4c2803fe77ee6b2943932fa9a300e7,3836
thehive\license-investigation\THEHIVE_LICENSE_INVESTIGATION_EVIDENCE.md,fe2a434c6ff424db55d97929b000ddd4de5b5ed95ca61f704b9b66b988d2b396,7533
thehive\license-investigation\logs\thehive_capabilitysrv_full.log,40a7db6bf30f15c584114f91155a275b308b00ab45c48af1a92ec3fc3580f2e1,315306
thehive\license-investigation\private\.gitkeep,e3b0c44298fc1c149afbf4c8996fb92427ae41e4649b934ca495991b7852b855,0
thehive\license-investigation\raw\thehive_status.json,bb0361fb8ed66d1d28379c7fbf9bb4e5e624992d734643fd2dc34bcebe287a59,1571
thehive\license-investigation\raw\thehive_status_verbose.json,6f53a98e1e42bf026fbd0e0f454fbd69dca0d04a27d8866e3cfe0ba5d2548ea6,2045
thehive\license-investigation\screenshots\01_PFA-FINAL-20260718-214637_thehive_current_state.png,c321655976d2f2fbf4c25cd6b7dfcdfd3aebc9e935b4ed8d676affc86aa4da75,82963
thehive\license-investigation\screenshots\02_PFA-FINAL-20260718-214637_thehive_license_invalid_ui.png,e06e9f6c98664be79c1da0d38ed3dd4b7500621333868b0bb0d7f69cb4af9772,78196
thehive\license-investigation\screenshots\03a_PFA-FINAL-20260718-214637_thehive_api_status_no_license_top.png,dd44000ba8cb80e007a3b50060a7e10d5604cf05f651f8a7d043a4b12de19114,90565
thehive\license-investigation\screenshots\03b_PFA-FINAL-20260718-214637_thehive_api_status_no_license_key.png,32b811882305486dde534513f4bb64556f583c08c51ec18777c203bc51eadf35,99727
thehive\license-investigation\screenshots\03c_PFA-FINAL-20260718-214637_thehive_api_status_no_license_bottom.png,6a4b3b6588d1493afbd8353b2f551a86dd6c5b6ed33627c9d9740820fa449321,66531
thehive\license-investigation\screenshots\04_PFA-FINAL-20260718-214637_thehive_schema_mismatch.png,bf05e69879ca22b7d90190f2887b5d39d10ac9ef84c53a5ca730bdacc33bc649,53460
thehive\license-investigation\screenshots\05_PFA-FINAL-20260718-214637_thehive_accounts_profiles.png,09d81587b7b087e8eecc3952ea4f5d5006929aa04ac20e8250fddf4be8a4fdff,96619
thehive\license-investigation\screenshots\06_PFA-FINAL-20260718-214637_thehive_analyst_profile_permissions.png,9361857d0fa7ec1ab3794c4d50b784c19038cf1e22587311e514c2b96f62d49a,111373
thehive\license-investigation\screenshots\07_PFA-FINAL-20260718-214637_service_account_managecase_403.png,f1c890387b3fafa05054484f62f00585615b01c16b9a8d3e9bc21239d22a663c,61605
thehive\license-investigation\screenshots\08_PFA-FINAL-20260718-214637_human_analyst_managecase_403.png,c6194fbc907c1aec8d28ab3c4627028f3ec9b3ca0f438d669f4e907959c730ec,68784
thehive\license-investigation\screenshots\09_PFA-FINAL-20260718-214637_thehive_capabilitysrv_stacktrace.png,6ac75a2f5b6038816bafd6b740ddb2f4956cc4538be06ef8c8cb10cb2abefde4,111609
thehive\old_account_soc-automation_pre-decommission_diagnostic.txt,4805a3f9eefdd5b5608eb74605771dc4caa71df1ebf5af4cac95ea09046cdf70,1611
wazuh\.gitkeep,e3b0c44298fc1c149afbf4c8996fb92427ae41e4649b934ca495991b7852b855,0
